Tiempo(s),X(km),Y(km),Z(km),Velocidad(km/s),DistanciaTierra(km),DistanciaLuna(km),Altitud(km)
0,6563,137,0,000,0,000,7,7932,6563,137,397263,981,185,000
7,6562,897,49,310,26,773,7,7932,6563,137,397279,912,185,000
14,6562,176,98,617,53,545,7,7932,6563,136,397295,392,184,999
22,6560,975,147,917,80,312,7,7932,6563,134,397310,417,184,997
29,6559,294,197,206,107,074,7,7932,6563,131,397324,988,184,994
36,6557,132,246,480,133,827,7,7932,6563,128,397339,103,184,991
43,6554,491,295,736,160,571,7,7932,6563,124,397352,762,184,987
50,6551,370,344,971,187,303,7,7932,6563,119,397365,963,184,982
58,6547,769,394,180,214,022,7,7932,6563,114,397378,706,184,977
65,6543,689,443,361,240,724,7,7932,6563,107,397390,990,184,970
72,6539,129,492,509,267,409,7,7932,6563,100,397402,813,184,963
79,6534,092,541,621,294,074,7,7932,6563,093,397414,176,184,956
86,6528,575,590,693,320,718,7,7932,6563,084,397425,077,184,947
94,6522,581,639,722,347,338,7,7932,6563,075,397435,516,184,938
101,6516,110,688,705,373,933,7,7932,6563,065,397445,491,184,928
108,6509,161,737,637,400,500,7,7932,6563,055,397455,003,184,918
115,6501,736,786,515,427,037,7,7932,6563,043,397464,051,184,906
122,6493,835,835,335,453,544,7,7932,6563,031,397472,634,184,894
130,6485,459,884,094,480,017,7,7932,6563,019,397480,752,184,882
137,6476,608,932,789,506,454,7,7932,6563,005,397488,403,184,868
144,6467,282,981,415,532,855,7,7932,6562,991,397495,588,184,854
151,6457,484,1029,969,559,216,7,7932,6562,976,397502,306,184,839
158,6447,212,1078,448,585,537,7,7933,6562,961,397508,556,184,824
166,6436,469,1126,848,611,814,7,7933,6562,944,397514,339,184,807
173,6425,255,1175,165,638,047,7,7933,6562,927,397519,653,184,790
180,6413,570,1223,397,664,232,7,7933,6562,909,397524,499,184,772
187,6401,415,1271,539,690,369,7,7933,6562,891,397528,876,184,754
194,6388,792,1319,588,716,455,7,7933,6562,872,397532,784,184,735
202,6375,702,1367,540,742,489,7,7933,6562,852,397536,223,184,715
209,6362,144,1415,392,768,468,7,7933,6562,831,397539,192,184,694
216,6348,121,1463,141,794,390,7,7934,6562,810,397541,691,184,673
223,6333,633,1510,782,820,254,7,7934,6562,788,397543,721,184,651
230,6318,682,1558,313,846,058,7,7934,6562,766,397545,280,184,629
238,6303,268,1605,730,871,800,7,7934,6562,742,397546,370,184,605
245,6287,392,1653,029,897,478,7,7934,6562,718,397546,989,184,581
252,6271,056,1700,207,923,090,7,7934,6562,694,397547,138,184,557
259,6254,261,1747,261,948,634,7,7935,6562,668,397546,817,184,531
266,6237,009,1794,187,974,108,7,7935,6562,642,397546,026,184,505
274,6219,299,1840,981,999,511,7,7935,6562,615,397544,765,184,478
281,6201,135,1887,641,1024,841,7,7935,6562,588,397543,034,184,451
288,6182,516,1934,163,1050,095,7,7935,6562,560,397540,834,184,423
295,6163,445,1980,543,1075,272,7,7935,6562,531,397538,164,184,394
302,6143,923,2026,778,1100,370,7,7936,6562,502,397535,024,184,365
310,6123,950,2072,864,1125,387,7,7936,6562,471,397531,416,184,334
317,6103,530,2118,799,1150,322,7,7936,6562,441,397527,338,184,304
324,6082,662,2164,579,1175,172,7,7936,6562,409,397522,792,184,272
331,6061,350,2210,200,1199,936,7,7937,6562,377,397517,778,184,240
338,6039,593,2255,660,1224,612,7,7937,6562,344,397512,297,184,207
346,6017,395,2300,954,1249,198,7,7937,6562,311,397506,348,184,174
353,5994,755,2346,080,1273,692,7,7937,6562,277,397499,931,184,140
360,5971,677,2391,034,1298,093,7,7937,6562,242,397493,049,184,105
367,5948,162,2435,813,1322,398,7,7938,6562,207,397485,701,184,070
374,5924,211,2480,414,1346,606,7,7938,6562,171,397477,887,184,034
382,5899,827,2524,833,1370,715,7,7938,6562,134,397469,608,183,997
389,5875,011,2569,067,1394,724,7,7938,6562,097,397460,865,183,960
396,5849,764,2613,114,1418,630,7,7939,6562,059,397451,659,183,922
403,5824,089,2656,969,1442,432,7,7939,6562,020,397441,989,183,883
410,5797,988,2700,629,1466,128,7,7939,6561,981,397431,858,183,844
418,5771,463,2744,092,1489,716,7,7940,6561,941,397421,265,183,804
425,5744,514,2787,354,1513,195,7,7940,6561,901,397410,211,183,764
432,5717,146,2830,411,1536,563,7,7940,6561,860,397398,697,183,723
439,5689,358,2873,262,1559,818,7,7940,6561,819,397386,724,183,682
446,5661,154,2915,902,1582,958,7,7941,6561,776,397374,293,183,639
454,5632,536,2958,329,1605,983,7,7941,6561,734,397361,405,183,597
461,5603,505,3000,539,1628,889,7,7941,6561,690,397348,060,183,553
468,5574,064,3042,529,1651,675,7,7942,6561,646,397334,259,183,509
475,5544,215,3084,297,1674,341,7,7942,6561,602,397320,004,183,465
482,5513,959,3125,838,1696,883,7,7942,6561,557,397305,296,183,420
490,5483,300,3167,151,1719,300,7,7943,6561,511,397290,135,183,374
497,5452,240,3208,232,1741,592,7,7943,6561,465,397274,522,183,328
504,5420,780,3249,078,1763,755,7,7943,6561,418,397258,460,183,281
511,5388,924,3289,686,1785,789,7,7944,6561,370,397241,948,183,233
518,5356,673,3330,054,1807,692,7,7944,6561,322,397224,989,183,185
526,5324,029,3370,177,1829,462,7,7944,6561,274,397207,582,183,137
533,5290,996,3410,054,1851,097,7,7945,6561,224,397189,731,183,087
540,5257,575,3449,681,1872,597,7,7945,6561,175,397171,435,183,038
547,5223,770,3489,055,1893,959,7,7945,6561,124,397152,696,182,987
554,5189,581,3528,174,1915,182,7,7946,6561,074,397133,515,182,937
562,5155,013,3567,034,1936,264,7,7946,6561,022,397113,894,182,885
569,5120,068,3605,634,1957,204,7,7947,6560,970,397093,835,182,833
576,5084,747,3643,969,1978,000,7,7947,6560,918,397073,338,182,781
583,5049,054,3682,038,1998,651,7,7947,6560,865,397052,405,182,728
590,5012,992,3719,836,2019,155,7,7948,6560,812,397031,038,182,675
598,4976,562,3757,363,2039,511,7,7948,6560,758,397009,237,182,621
605,4939,768,3794,614,2059,717,7,7949,6560,704,396987,006,182,567
612,4902,612,3831,588,2079,772,7,7949,6560,649,396964,344,182,512
619,4865,097,3868,281,2099,674,7,7949,6560,594,396941,255,182,457
626,4827,226,3904,690,2119,421,7,7950,6560,538,396917,738,182,401
634,4789,002,3940,814,2139,013,7,7950,6560,482,396893,797,182,345
641,4750,426,3976,649,2158,448,7,7951,6560,426,396869,433,182,289
648,4711,503,4012,193,2177,725,7,7951,6560,369,396844,647,182,232
655,4672,235,4047,443,2196,841,7,7951,6560,312,396819,442,182,175
662,4632,625,4082,397,2215,796,7,7952,6560,254,396793,819,182,117
670,4592,676,4117,052,2234,588,7,7952,6560,196,396767,779,182,059
677,4552,390,4151,405,2253,216,7,7953,6560,138,396741,325,182,001
684,4511,771,4185,454,2271,679,7,7953,6560,079,396714,459,181,942
691,4470,822,4219,197,2289,975,7,7954,6560,019,396687,183,181,882
698,4429,545,4252,631,2308,102,7,7954,6559,960,396659,497,181,823
706,4387,943,4285,753,2326,060,7,7955,6559,900,396631,406,181,763
713,4346,021,4318,562,2343,847,7,7955,6559,839,396602,909,181,702
720,4303,780,4351,054,2361,462,7,7956,6559,779,396574,010,181,642
727,4261,224,4383,228,2378,903,7,7956,6559,717,396544,711,181,580
734,4218,356,4415,080,2396,170,7,7957,6559,656,396515,012,181,519
742,4175,178,4446,609,2413,260,7,7957,6559,594,396484,918,181,457
749,4131,695,4477,813,2430,173,7,7958,6559,532,396454,429,181,395
756,4087,910,4508,688,2446,908,7,7958,6559,469,396423,548,181,332
763,4043,825,4539,233,2463,463,7,7959,6559,406,396392,278,181,269
770,3999,444,4569,446,2479,837,7,7959,6559,343,396360,619,181,206
778,3954,770,4599,324,2496,028,7,7960,6559,279,396328,575,181,142
785,3909,806,4628,865,2512,037,7,7960,6559,215,396296,148,181,078
792,3864,555,4658,067,2527,860,7,7961,6559,150,396263,339,181,013
799,3819,022,4686,928,2543,498,7,7961,6559,086,396230,153,180,949
806,3773,209,4715,445,2558,949,7,7962,6559,020,396196,589,180,883
814,3727,119,4743,617,2574,212,7,7962,6558,955,396162,652,180,818
821,3680,757,4771,441,2589,286,7,7963,6558,889,396128,344,180,752
828,3634,124,4798,916,2604,169,7,7964,6558,822,396093,666,180,685
835,3587,225,4826,039,2618,861,7,7964,6558,755,396058,622,180,618
842,3540,064,4852,809,2633,360,7,7965,6558,688,396023,213,180,551
850,3492,643,4879,223,2647,666,7,7965,6558,621,395987,443,180,484
857,3444,966,4905,279,2661,778,7,7966,6558,553,395951,314,180,416
864,3397,037,4930,976,2675,694,7,7966,6558,485,395914,828,180,348
871,3348,859,4956,312,2689,413,7,7967,6558,416,395877,989,180,279
878,3300,435,4981,284,2702,934,7,7968,6558,347,395840,798,180,210
886,3251,770,5005,892,2716,257,7,7968,6558,278,395803,258,180,141
893,3202,866,5030,133,2729,380,7,7969,6558,209,395765,373,180,072
900,3153,728,5054,005,2742,303,7,7970,6558,139,395727,144,180,002
907,3104,358,5077,507,2755,024,7,7970,6558,070,395688,575,179,933
914,3054,762,5100,637,2767,542,7,7971,6558,000,395649,667,179,863
922,3004,941,5123,394,2779,857,7,7971,6557,930,395610,425,179,793
929,2954,901,5145,775,2791,968,7,7972,6557,860,395570,851,179,723
936,2904,644,5167,779,2803,874,7,7973,6557,790,395530,948,179,653
943,2854,174,5189,405,2815,574,7,7973,6557,719,395490,718,179,582
950,2803,495,5210,650,2827,066,7,7974,6557,649,395450,164,179,512
958,2752,610,5231,513,2838,351,7,7975,6557,578,395409,289,179,441
965,2701,524,5251,993,2849,428,7,7975,6557,507,395368,096,179,370
972,2650,240,5272,088,2860,295,7,7976,6557,436,395326,589,179,299
979,2598,762,5291,797,2870,951,7,7977,6557,365,395284,769,179,228
986,2547,093,5311,118,2881,397,7,7977,6557,294,395242,640,179,157
994,2495,237,5330,050,2891,630,7,7978,6557,222,395200,205,179,085
1001,2443,199,5348,591,2901,651,7,7979,6557,151,395157,467,179,014
1008,2390,981,5366,740,2911,459,7,7980,6557,079,395114,429,178,942
1015,2338,589,5384,495,2921,053,7,7980,6557,007,395071,094,178,870
1022,2286,025,5401,857,2930,432,7,7981,6556,935,395027,465,178,798
1030,2233,293,5418,822,2939,596,7,7982,6556,863,394983,545,178,726
1037,2180,397,5435,390,2948,543,7,7982,6556,790,394939,338,178,653
1044,2127,342,5451,559,2957,274,7,7983,6556,718,394894,846,178,581
1051,2074,131,5467,329,2965,787,7,7984,6556,646,394850,073,178,509
1058,2020,768,5482,698,2974,082,7,7985,6556,573,394805,021,178,436
1066,1967,256,5497,666,2982,159,7,7985,6556,500,394759,695,178,363
1073,1913,601,5512,230,2990,016,7,7986,6556,428,394714,097,178,291
1080,1859,805,5526,390,2997,653,7,7987,6556,355,394668,231,178,218
1087,1805,873,5540,145,3005,070,7,7988,6556,282,394622,100,178,145
1094,1751,808,5553,494,3012,266,7,7988,6556,209,394575,707,178,072
1102,1697,615,5566,435,3019,240,7,7989,6556,135,394529,055,177,998
1109,1643,297,5578,969,3025,993,7,7990,6556,062,394482,148,177,925
1116,1588,859,5591,093,3032,523,7,7991,6555,989,394434,990,177,852
1123,1534,304,5602,808,3038,829,7,7992,6555,916,394387,583,177,779
1130,1479,637,5614,111,3044,913,7,7992,6555,842,394339,931,177,705
1138,1424,862,5625,003,3050,772,7,7993,6555,769,394292,037,177,632
1145,1369,981,5635,483,3056,407,7,7994,6555,695,394243,905,177,558
1152,1315,001,5645,549,3061,817,7,7995,6555,622,394195,539,177,485
1159,1259,924,5655,202,3067,002,7,7996,6555,548,394146,941,177,411
1166,1204,754,5664,439,3071,961,7,7996,6555,475,394098,116,177,338
1174,1149,496,5673,261,3076,694,7,7997,6555,401,394049,066,177,264
1181,1094,154,5681,667,3081,201,7,7998,6555,327,393999,796,177,190
1188,1038,732,5689,657,3085,482,7,7999,6555,254,393950,308,177,117
1195,983,233,5697,229,3089,535,7,8000,6555,180,393900,607,177,043
1202,927,662,5704,383,3093,361,7,8000,6555,107,393850,695,176,970
1210,872,024,5711,119,3096,959,7,8001,6555,033,393800,578,176,896
1217,816,321,5717,436,3100,330,7,8002,6554,960,393750,257,176,823
1224,760,558,5723,334,3103,473,7,8003,6554,887,393699,737,176,750
1231,704,740,5728,812,3106,387,7,8004,6554,814,393649,022,176,677
1238,648,869,5733,869,3109,073,7,8005,6554,740,393598,115,176,603
1246,592,952,5738,506,3111,530,7,8006,6554,667,393547,019,176,530
1253,536,990,5742,722,3113,757,7,8006,6554,594,393495,739,176,457
1260,480,989,5746,517,3115,756,7,8007,6554,521,393444,278,176,384
1267,424,953,5749,891,3117,526,7,8008,6554,449,393392,640,176,312
1274,368,886,5752,842,3119,066,7,8009,6554,376,393340,829,176,239
1282,312,792,5755,371,3120,377,7,8010,6554,303,393288,847,176,166
1289,256,675,5757,479,3121,458,7,8011,6554,231,393236,700,176,094
1296,200,539,5759,163,3122,309,7,8012,6554,158,393184,391,176,021
1303,144,388,5760,425,3122,931,7,8012,6554,086,393131,924,175,949
1310,88,226,5761,265,3123,322,7,8013,6554,014,393079,302,175,877
1318,32,058,5761,682,3123,484,7,8014,6553,942,393026,529,175,805
1325,-24,112,5761,676,3123,416,7,8015,6553,870,392973,609,175,733
1332,-80,280,5761,247,3123,118,7,8016,6553,799,392920,546,175,662
1339,-136,443,5760,395,3122,590,7,8017,6553,727,392867,344,175,590
1346,-192,596,5759,120,3121,833,7,8018,6553,655,392814,007,175,518
1354,-248,734,5757,423,3120,845,7,8019,6553,584,392760,538,175,447
1361,-304,854,5755,303,3119,628,7,8019,6553,513,392706,941,175,376
1368,-360,952,5752,761,3118,180,7,8020,6553,442,392653,221,175,305
1375,-417,024,5749,797,3116,504,7,8021,6553,371,392599,380,175,234
1382,-473,064,5746,410,3114,598,7,8022,6553,300,392545,424,175,163
1390,-529,071,5742,601,3112,462,7,8023,6553,229,392491,356,175,092
1397,-585,038,5738,371,3110,097,7,8024,6553,158,392437,180,175,021
1404,-640,962,5733,720,3107,504,7,8025,6553,087,392382,900,174,950
1411,-696,839,5728,647,3104,681,7,8026,6553,017,392328,519,174,880
1418,-752,665,5723,154,3101,630,7,8027,6552,946,392274,043,174,809
1426,-808,436,5717,241,3098,350,7,8028,6552,876,392219,474,174,739
1433,-864,148,5710,907,3094,842,7,8028,6552,806,392164,817,174,669
1440,-919,796,5704,155,3091,106,7,8029,6552,735,392110,075,174,598
1447,-975,376,5696,983,3087,142,7,8030,6552,665,392055,253,174,528
1454,-1030,885,5689,393,3082,951,7,8031,6552,595,392000,355,174,458
1462,-1086,318,5681,385,3078,533,7,8032,6552,526,391945,385,174,389
1469,-1141,672,5672,960,3073,888,7,8033,6552,456,391890,347,174,319
1476,-1196,941,5664,118,3069,016,7,8034,6552,386,391835,244,174,249
1483,-1252,123,5654,861,3063,919,7,8035,6552,317,391780,081,174,180
1490,-1307,213,5645,187,3058,595,7,8036,6552,248,391724,862,174,111
1498,-1362,207,5635,100,3053,047,7,8037,6552,179,391669,592,174,042
1505,-1417,100,5624,598,3047,273,7,8038,6552,110,391614,273,173,973
1512,-1471,890,5613,683,3041,275,7,8038,6552,042,391558,910,173,905
1519,-1526,571,5602,356,3035,053,7,8039,6551,974,391503,507,173,837
1526,-1581,141,5590,618,3028,607,7,8040,6551,906,391448,069,173,769
1534,-1635,594,5578,469,3021,939,7,8041,6551,839,391392,598,173,702
1541,-1689,927,5565,910,3015,047,7,8042,6551,772,391337,101,173,635
1548,-1744,136,5552,942,3007,934,7,8043,6551,705,391281,579,173,568
1555,-1798,217,5539,566,3000,598,7,8044,6551,639,391226,038,173,502
1562,-1852,165,5525,784,2993,042,7,8045,6551,572,391170,482,173,435
1570,-1905,978,5511,595,2985,265,7,8046,6551,506,391114,915,173,369
1577,-1959,650,5497,001,2977,268,7,8047,6551,441,391059,340,173,304
1584,-2013,179,5482,004,2969,051,7,8048,6551,375,391003,762,173,238
1591,-2066,559,5466,603,2960,616,7,8049,6551,310,390948,185,173,173
1598,-2119,788,5450,801,2951,962,7,8049,6551,245,390892,613,173,108
1606,-2172,861,5434,598,2943,091,7,8050,6551,181,390837,050,173,044
1613,-2225,774,5417,996,2934,003,7,8051,6551,116,390781,501,172,979
1620,-2278,524,5400,996,2924,699,7,8052,6551,052,390725,969,172,915
1627,-2331,106,5383,598,2915,179,7,8053,6550,989,390670,459,172,852
1634,-2383,517,5365,805,2905,444,7,8054,6550,925,390614,974,172,788
1642,-2435,752,5347,618,2895,495,7,8055,6550,862,390559,519,172,725
1649,-2487,809,5329,038,2885,332,7,8056,6550,800,390504,097,172,663
1656,-2539,683,5310,065,2874,957,7,8057,6550,737,390448,714,172,600
1663,-2591,370,5290,703,2864,369,7,8058,6550,675,390393,373,172,538
1670,-2642,866,5270,951,2853,570,7,8059,6550,613,390338,077,172,476
1678,-2694,168,5250,812,2842,561,7,8059,6550,551,390282,833,172,414
1685,-2745,273,5230,287,2831,343,7,8060,6550,490,390227,642,172,353
1692,-2796,175,5209,377,2819,915,7,8061,6550,429,390172,510,172,292
1699,-2846,871,5188,084,2808,280,7,8062,6550,369,390117,440,172,232
1706,-2897,359,5166,410,2796,437,7,8063,6550,308,390062,437,172,171
1714,-2947,633,5144,356,2784,388,7,8064,6550,248,390007,505,172,111
1721,-2997,691,5121,923,2772,134,7,8065,6550,189,389952,648,172,052
1728,-3047,528,5099,114,2759,675,7,8066,6550,129,389897,869,171,992
1735,-3097,140,5075,930,2747,012,7,8067,6550,070,389843,174,171,933
1742,-3146,526,5052,373,2734,147,7,8068,6550,012,389788,566,171,875
1750,-3195,679,5028,444,2721,081,7,8068,6549,953,389734,049,171,816
1757,-3244,598,5004,145,2707,813,7,8069,6549,896,389679,627,171,759
1764,-3293,278,4979,478,2694,346,7,8070,6549,838,389625,304,171,701
1771,-3341,716,4954,444,2680,680,7,8071,6549,781,389571,085,171,644
1778,-3389,908,4929,047,2666,816,7,8072,6549,724,389516,973,171,587
1786,-3437,850,4903,286,2652,755,7,8073,6549,667,389462,972,171,530
1793,-3485,540,4877,165,2638,499,7,8074,6549,611,389409,087,171,474
1800,-3532,973,4850,686,2624,048,11,0075,6549,556,389355,322,171,419
1807,-3599,535,4812,923,2603,441,11,0073,6549,716,389279,436,171,579
1814,-3665,831,4774,806,2582,641,11,0068,6550,353,389203,680,172,216
1822,-3731,859,4736,338,2561,651,11,0059,6551,467,389128,059,173,330
1829,-3797,611,4697,522,2540,472,11,0046,6553,057,389052,578,174,920
1836,-3863,085,4658,360,2519,106,11,0029,6555,124,388977,244,176,987
1843,-3928,276,4618,857,2497,555,11,0007,6557,665,388902,062,179,528
1850,-3993,178,4579,015,2475,820,10,9982,6560,681,388827,037,182,544
1858,-4057,788,4538,838,2453,903,10,9953,6564,171,388752,174,186,034
1865,-4122,101,4498,330,2431,806,10,9920,6568,133,388677,480,189,996
1872,-4186,114,4457,493,2409,531,10,9883,6572,567,388602,959,194,430
1879,-4249,822,4416,332,2387,080,10,9842,6577,471,388528,616,199,334
1886,-4313,221,4374,849,2364,456,10,9797,6582,844,388454,457,204,707
1894,-4376,307,4333,050,2341,659,10,9748,6588,684,388380,486,210,547
1901,-4439,078,4290,937,2318,693,10,9696,6594,990,388306,708,216,853
1908,-4501,528,4248,516,2295,559,10,9639,6601,759,388233,129,223,622
1915,-4563,654,4205,788,2272,259,10,9579,6608,991,388159,753,230,854
1922,-4625,454,4162,760,2248,796,10,9516,6616,682,388086,585,238,545
1930,-4686,924,4119,434,2225,173,10,9448,6624,831,388013,629,246,694
1937,-4748,060,4075,816,2201,390,10,9377,6633,436,387940,890,255,299
1944,-4808,860,4031,908,2177,451,10,9302,6642,493,387868,373,264,356
1951,-4869,321,3987,716,2153,358,10,9224,6652,001,387796,081,273,864
1958,-4929,440,3943,244,2129,113,10,9142,6661,957,387724,019,283,820
1966,-4989,214,3898,496,2104,719,10,9056,6672,359,387652,191,294,222
1973,-5048,641,3853,477,2080,178,10,8968,6683,203,387580,602,305,066
1980,-5107,718,3808,190,2055,492,10,8875,6694,486,387509,254,316,349
1987,-5166,443,3762,642,2030,665,10,8780,6706,206,387438,152,328,069
1994,-5224,814,3716,835,2005,697,10,8681,6718,360,387367,300,340,223
2002,-5282,828,3670,774,1980,593,10,8579,6730,944,387296,701,352,807
2009,-5340,484,3624,465,1955,354,10,8474,6743,955,387226,358,365,818
2016,-5397,780,3577,912,1929,982,10,8366,6757,390,387156,276,379,253
2023,-5454,715,3531,119,1904,481,10,8254,6771,245,387086,457,393,108
2030,-5511,286,3484,090,1878,853,10,8140,6785,517,387016,905,407,380
2038,-5567,492,3436,831,1853,100,10,8023,6800,202,386947,622,422,065
2045,-5623,332,3389,347,1827,225,10,7902,6815,297,386878,612,437,160
2052,-5678,804,3341,641,1801,230,10,7779,6830,798,386809,878,452,661
2059,-5733,908,3293,718,1775,118,10,7654,6846,701,386741,421,468,564
2066,-5788,642,3245,583,1748,892,10,7525,6863,003,386673,245,484,866
2074,-5843,006,3197,240,1722,553,10,7394,6879,699,386605,353,501,562
2081,-5896,998,3148,695,1696,105,10,7260,6896,785,386537,746,518,648
2088,-5950,619,3099,951,1669,549,10,7124,6914,258,386470,427,536,121
2095,-6003,868,3051,013,1642,889,10,6985,6932,113,386403,398,553,976
2102,-6056,743,3001,886,1616,127,10,6844,6950,347,386336,662,572,210
2110,-6109,245,2952,574,1589,265,10,6700,6968,955,386270,219,590,818
2117,-6161,374,2903,082,1562,305,10,6555,6987,934,386204,072,609,797
2124,-6213,130,2853,414,1535,251,10,6407,7007,278,386138,223,629,141
2131,-6264,511,2803,574,1508,104,10,6257,7026,984,386072,673,648,847
2138,-6315,520,2753,567,1480,866,10,6104,7047,048,386007,424,668,911
2146,-6366,155,2703,398,1453,542,10,5950,7067,466,385942,477,689,329
2153,-6416,417,2653,069,1426,131,10,5794,7088,232,385877,834,710,095
2160,-6466,306,2602,587,1398,638,10,5636,7109,344,385813,495,731,207
2167,-6515,824,2551,955,1371,063,10,5476,7130,796,385749,461,752,659
2174,-6564,969,2501,177,1343,411,10,5315,7152,584,385685,735,774,447
2182,-6613,744,2450,257,1315,682,10,5151,7174,704,385622,316,796,567
2189,-6662,148,2399,200,1287,879,10,4986,7197,153,385559,205,819,016
2196,-6710,183,2348,009,1260,004,10,4820,7219,924,385496,404,841,787
2203,-6757,849,2296,689,1232,059,10,4651,7243,015,385433,913,864,878
2210,-6805,147,2245,244,1204,047,10,4482,7266,421,385371,731,888,284
2218,-6852,078,2193,677,1175,970,10,4311,7290,137,385309,861,912,000
2225,-6898,644,2141,993,1147,830,10,4138,7314,160,385248,302,936,023
2232,-6944,845,2090,196,1119,629,10,3965,7338,485,385187,055,960,348
2239,-6990,683,2038,289,1091,369,10,3790,7363,108,385126,120,984,971
2246,-7036,158,1986,276,1063,053,10,3614,7388,024,385065,497,1009,887
2254,-7081,273,1934,162,1034,682,10,3436,7413,230,385005,186,1035,093
2261,-7126,028,1881,950,1006,258,10,3258,7438,720,384945,188,1060,583
2268,-7170,424,1829,644,977,784,10,3078,7464,492,384885,502,1086,355
2275,-7214,464,1777,247,949,261,10,2898,7490,540,384826,129,1112,403
2282,-7258,148,1724,763,920,692,10,2717,7516,861,384767,068,1138,724
2290,-7301,479,1672,195,892,078,10,2534,7543,450,384708,318,1165,313
2297,-7344,458,1619,546,863,420,10,2351,7570,303,384649,880,1192,166
2304,-7387,087,1566,820,834,722,10,2167,7597,417,384591,752,1219,280
2311,-7429,368,1514,020,805,984,10,1983,7624,787,384533,935,1246,650
2318,-7471,302,1461,149,777,208,10,1797,7652,409,384476,428,1274,272
2326,-7512,891,1408,211,748,396,10,1611,7680,279,384419,231,1302,142
2333,-7554,137,1355,209,719,550,10,1425,7708,393,384362,342,1330,256
2340,-7595,042,1302,145,690,672,10,1237,7736,748,384305,761,1358,611
2347,-7635,607,1249,023,661,762,10,1050,7765,339,384249,487,1387,202
2354,-7675,836,1195,847,632,823,10,0862,7794,162,384193,520,1416,025
2362,-7715,729,1142,617,603,857,10,0673,7823,215,384137,858,1445,078
2369,-7755,288,1089,339,574,864,10,0484,7852,492,384082,502,1474,355
2376,-7794,517,1036,014,545,847,10,0294,7881,990,384027,449,1503,853
2383,-7833,416,982,645,516,806,10,0105,7911,705,383972,699,1533,568
2390,-7871,988,929,235,487,744,9,9915,7941,635,383918,251,1563,498
2398,-7910,234,875,787,458,662,9,9724,7971,774,383864,104,1593,637
2405,-7948,158,822,303,429,561,9,9534,8002,120,383810,257,1623,983
2412,-7985,761,768,786,400,443,9,9343,8032,669,383756,709,1654,532
2419,-8023,045,715,238,371,309,9,9152,8063,417,383703,458,1685,280
2426,-8060,013,661,662,342,160,9,8961,8094,361,383650,503,1716,224
2434,-8096,666,608,060,312,997,9,8770,8125,497,383597,844,1747,360
2441,-8133,007,554,435,283,823,9,8579,8156,823,383545,478,1778,686
2448,-8169,038,500,788,254,637,9,8388,8188,334,383493,405,1810,197
2455,-8204,762,447,123,225,442,9,8197,8220,028,383441,624,1841,891
2462,-8240,180,393,441,196,239,9,8006,8251,901,383390,132,1873,764
2470,-8275,294,339,744,167,028,9,7815,8283,949,383338,929,1905,812
2477,-8310,108,286,035,137,812,9,7624,8316,171,383288,013,1938,034
2484,-8344,622,232,316,108,590,9,7433,8348,562,383237,383,1970,425
2491,-8378,840,178,589,79,365,9,7242,8381,119,383187,038,2002,982
2498,-8412,764,124,855,50,136,9,7052,8413,840,383136,975,2035,703
2506,-8446,396,71,117,20,906,9,6861,8446,721,383087,194,2068,584
2513,-8479,738,17,377,-8,324,9,6671,8479,760,383037,693,2101,623
2520,-8512,792,-36,364,-37,555,9,6481,8512,952,382988,471,2134,815
2527,-8545,561,-90,104,-66,784,9,6292,8546,297,382939,525,2168,160
2534,-8578,047,-143,841,-96,011,9,6102,8579,790,382890,856,2201,653
2542,-8610,252,-197,573,-125,235,9,5913,8613,429,382842,460,2235,292
2549,-8642,178,-251,299,-154,455,9,5724,8647,211,382794,336,2269,074
2556,-8673,828,-305,016,-183,670,9,5536,8681,133,382746,484,2302,996
2563,-8705,204,-358,724,-212,879,9,5347,8715,192,382698,901,2337,055
2570,-8736,308,-412,421,-242,081,9,5160,8749,387,382651,586,2371,250
2578,-8767,142,-466,105,-271,276,9,4972,8783,714,382604,537,2405,577
2585,-8797,709,-519,775,-300,463,9,4785,8818,170,382557,752,2440,033
2592,-8828,010,-573,430,-329,640,9,4598,8852,753,382511,231,2474,616
2599,-8858,048,-627,067,-358,808,9,4412,8887,461,382464,971,2509,324
2606,-8887,825,-680,685,-387,965,9,4226,8922,292,382418,971,2544,155
2614,-8917,344,-734,284,-417,111,9,4041,8957,241,382373,229,2579,104
2621,-8946,605,-787,862,-446,245,9,3856,8992,308,382327,745,2614,171
2628,-8975,613,-841,417,-475,366,9,3672,9027,490,382282,515,2649,353
2635,-9004,367,-894,949,-504,474,9,3488,9062,784,382237,538,2684,647
2642,-9032,872,-948,456,-533,567,9,3305,9098,189,382192,814,2720,052
2650,-9061,128,-1001,937,-562,646,9,3122,9133,701,382148,340,2755,564
2657,-9089,139,-1055,390,-591,710,9,2939,9169,319,382104,114,2791,182
2664,-9116,906,-1108,815,-620,758,9,2757,9205,041,382060,136,2826,904
2671,-9144,430,-1162,211,-649,789,9,2576,9240,864,382016,403,2862,727
2678,-9171,715,-1215,577,-678,803,9,2395,9276,786,381972,914,2898,649
2686,-9198,763,-1268,911,-707,800,9,2215,9312,806,381929,666,2934,669
2693,-9225,575,-1322,212,-736,778,9,2036,9348,921,381886,660,2970,784
2700,-9252,153,-1375,480,-765,738,9,1857,9385,128,381843,892,3006,991
2707,-9278,500,-1428,713,-794,679,9,1678,9421,428,381801,362,3043,291
2714,-9304,618,-1481,912,-823,600,9,1500,9457,816,381759,067,3079,679
2722,-9330,508,-1535,074,-852,501,9,1323,9494,292,381717,007,3116,155
2729,-9356,173,-1588,198,-881,381,9,1146,9530,854,381675,178,3152,717
2736,-9381,614,-1641,285,-910,240,9,0970,9567,499,381633,581,3189,362
2743,-9406,835,-1694,334,-939,077,9,0795,9604,227,381592,212,3226,090
2750,-9431,835,-1747,342,-967,893,9,0620,9641,034,381551,071,3262,897
2758,-9456,618,-1800,311,-996,686,9,0446,9677,920,381510,157,3299,783
2765,-9481,186,-1853,238,-1025,457,9,0272,9714,882,381469,467,3336,745
2772,-9505,539,-1906,124,-1054,204,9,0099,9751,919,381429,000,3373,782
2779,-9529,681,-1958,967,-1082,928,8,9927,9789,029,381388,754,3410,892
2786,-9553,612,-2011,766,-1111,628,8,9755,9826,211,381348,729,3448,074
2794,-9577,335,-2064,522,-1140,303,8,9584,9863,463,381308,921,3485,326
2801,-9600,852,-2117,234,-1168,955,8,9414,9900,783,381269,331,3522,646
2808,-9624,165,-2169,900,-1197,581,8,9244,9938,169,381229,955,3560,032
2815,-9647,274,-2222,521,-1226,181,8,9075,9975,621,381190,794,3597,484
2822,-9670,183,-2275,096,-1254,757,8,8907,10013,137,381151,845,3635,000
2830,-9692,893,-2327,623,-1283,306,8,8739,10050,715,381113,106,3672,578
2837,-9715,405,-2380,103,-1311,829,8,8572,10088,354,381074,577,3710,217
2844,-9737,721,-2432,535,-1340,326,8,8406,10126,051,381036,255,3747,914
2851,-9759,844,-2484,919,-1368,796,8,8240,10163,807,380998,140,3785,670
2858,-9781,774,-2537,254,-1397,239,8,8075,10201,620,380960,229,3823,483
2866,-9803,514,-2589,540,-1425,655,8,7911,10239,487,380922,522,3861,350
2873,-9825,065,-2641,775,-1454,044,8,7747,10277,409,380885,016,3899,272
2880,-9846,429,-2693,960,-1482,404,8,7584,10315,383,380847,711,3937,246
2887,-9867,608,-2746,095,-1510,737,8,7422,10353,408,380810,605,3975,271
2894,-9888,603,-2798,178,-1539,041,8,7260,10391,483,380773,696,4013,346
2902,-9909,415,-2850,210,-1567,317,8,7099,10429,607,380736,984,4051,470
2909,-9930,047,-2902,190,-1595,565,8,6939,10467,778,380700,466,4089,641
2916,-9950,500,-2954,118,-1623,784,8,6780,10505,996,380664,141,4127,859
2923,-9970,776,-3005,993,-1651,973,8,6621,10544,258,380628,008,4166,121
2930,-9990,876,-3057,815,-1680,134,8,6463,10582,565,380592,066,4204,428
2938,-10010,801,-3109,583,-1708,265,8,6305,10620,914,380556,313,4242,777
2945,-10030,554,-3161,298,-1736,367,8,6148,10659,305,380520,748,4281,168
2952,-10050,136,-3212,959,-1764,439,8,5992,10697,737,380485,369,4319,600
2959,-10069,547,-3264,566,-1792,481,8,5836,10736,208,380450,175,4358,071
2966,-10088,791,-3316,118,-1820,493,8,5682,10774,718,380415,165,4396,581
2974,-10107,868,-3367,615,-1848,475,8,5527,10813,264,380380,337,4435,127
2981,-10126,780,-3419,057,-1876,427,8,5374,10851,848,380345,690,4473,711
2988,-10145,527,-3470,444,-1904,349,8,5221,10890,466,380311,223,4512,329
2995,-10164,113,-3521,776,-1932,240,8,5069,10929,119,380276,935,4550,982
3002,-10182,537,-3573,051,-1960,100,8,4918,10967,805,380242,823,4589,668
3010,-10200,802,-3624,271,-1987,929,8,4767,11006,524,380208,888,4628,387
3017,-10218,909,-3675,435,-2015,728,8,4617,11045,274,380175,127,4667,137
3024,-10236,858,-3726,542,-2043,496,8,4467,11084,054,380141,539,4705,917
3031,-10254,653,-3777,592,-2071,233,8,4319,11122,864,380108,124,4744,727
3038,-10272,293,-3828,586,-2098,938,8,4170,11161,703,380074,880,4783,566
3046,-10289,781,-3879,523,-2126,612,8,4023,11200,570,380041,805,4822,433
3053,-10307,117,-3930,403,-2154,255,8,3876,11239,464,380008,898,4861,327
3060,-10324,303,-3981,225,-2181,867,8,3730,11278,384,379976,159,4900,247
3067,-10341,341,-4031,990,-2209,447,8,3585,11317,329,379943,586,4939,192
3074,-10358,231,-4082,698,-2236,996,8,3440,11356,299,379911,177,4978,162
3082,-10374,974,-4133,348,-2264,513,8,3296,11395,292,379878,932,5017,155
3089,-10391,573,-4183,940,-2291,998,8,3152,11434,308,379846,850,5056,171
3096,-10408,028,-4234,475,-2319,452,8,3009,11473,347,379814,929,5095,210
3103,-10424,341,-4284,951,-2346,873,8,2867,11512,407,379783,168,5134,270
3110,-10440,512,-4335,370,-2374,263,8,2726,11551,487,379751,566,5173,350
3118,-10456,544,-4385,730,-2401,622,8,2585,11590,587,379720,121,5212,450
3125,-10472,436,-4436,032,-2428,948,8,2444,11629,707,379688,834,5251,570
3132,-10488,191,-4486,276,-2456,242,8,2305,11668,845,379657,702,5290,708
3139,-10503,809,-4536,461,-2483,504,8,2166,11708,001,379626,724,5329,864
3146,-10519,293,-4586,588,-2510,734,8,2027,11747,174,379595,900,5369,037
3154,-10534,642,-4636,657,-2537,933,8,1890,11786,363,379565,228,5408,226
3161,-10549,858,-4686,667,-2565,099,8,1753,11825,569,379534,708,5447,432
3168,-10564,942,-4736,618,-2592,233,8,1616,11864,789,379504,337,5486,652
3175,-10579,896,-4786,511,-2619,335,8,1480,11904,024,379474,115,5525,887
3182,-10594,719,-4836,345,-2646,404,8,1345,11943,273,379444,042,5565,136
3190,-10609,415,-4886,121,-2673,442,8,1210,11982,535,379414,115,5604,398
3197,-10623,983,-4935,837,-2700,448,8,1076,12021,810,379384,334,5643,673
3204,-10638,424,-4985,495,-2727,421,8,0943,12061,097,379354,698,5682,960
3211,-10652,740,-5035,095,-2754,362,8,0810,12100,395,379325,206,5722,258
3218,-10666,932,-5084,635,-2781,271,8,0678,12139,705,379295,857,5761,568
3226,-10681,001,-5134,117,-2808,148,8,0547,12179,025,379266,649,5800,888
3233,-10694,948,-5183,540,-2834,993,8,0416,12218,354,379237,583,5840,217
3240,-10708,773,-5232,905,-2861,805,8,0285,12257,693,379208,656,5879,556
3247,-10722,478,-5282,210,-2888,586,8,0156,12297,041,379179,868,5918,904
3254,-10736,064,-5331,457,-2915,334,8,0026,12336,397,379151,218,5958,260
3262,-10749,532,-5380,645,-2942,050,7,9898,12375,760,379122,705,5997,623
3269,-10762,883,-5429,775,-2968,734,7,9770,12415,131,379094,328,6036,994
3276,-10776,117,-5478,846,-2995,386,7,9642,12454,509,379066,086,6076,372
3283,-10789,236,-5527,858,-3022,006,7,9516,12493,892,379037,978,6115,755
3290,-10802,241,-5576,812,-3048,594,7,9389,12533,282,379010,004,6155,145
3298,-10815,132,-5625,707,-3075,150,7,9264,12572,677,378982,161,6194,540
3305,-10827,910,-5674,543,-3101,674,7,9138,12612,076,378954,450,6233,939
3312,-10840,577,-5723,321,-3128,165,7,9014,12651,480,378926,870,6273,343
3319,-10853,134,-5772,041,-3154,625,7,8890,12690,888,378899,419,6312,751
3326,-10865,581,-5820,703,-3181,053,7,8767,12730,299,378872,097,6352,162
3334,-10877,918,-5869,306,-3207,449,7,8644,12769,714,378844,903,6391,577
3341,-10890,148,-5917,850,-3233,813,7,8521,12809,131,378817,835,6430,994
3348,-10902,271,-5966,337,-3260,146,7,8400,12848,550,378790,894,6470,413
3355,-10914,287,-6014,765,-3286,446,7,8279,12887,971,378764,078,6509,834
3362,-10926,199,-6063,136,-3312,715,7,8158,12927,394,378737,386,6549,257
3370,-10938,005,-6111,448,-3338,952,7,8038,12966,817,378710,817,6588,680
3377,-10949,708,-6159,702,-3365,157,7,7918,13006,242,378684,372,6628,105
3384,-10961,308,-6207,899,-3391,331,7,7799,13045,666,378658,048,6667,529
3391,-10972,806,-6256,038,-3417,473,7,7681,13085,091,378631,845,6706,954
3398,-10984,203,-6304,119,-3443,584,7,7563,13124,515,378605,762,6746,378
3406,-10995,499,-6352,142,-3469,663,7,7446,13163,938,378579,799,6785,801
3413,-11006,696,-6400,108,-3495,711,7,7329,13203,361,378553,954,6825,224
3420,-11017,794,-6448,017,-3521,727,7,7212,13242,781,378528,227,6864,644
3427,-11028,794,-6495,868,-3547,712,7,7096,13282,200,378502,617,6904,063
3434,-11039,696,-6543,661,-3573,665,7,6981,13321,617,378477,123,6943,480
3442,-11050,502,-6591,398,-3599,587,7,6866,13361,031,378451,745,6982,894
3449,-11061,213,-6639,077,-3625,478,7,6752,13400,443,378426,482,7022,306
3456,-11071,828,-6686,699,-3651,338,7,6638,13439,851,378401,332,7061,714
3463,-11082,349,-6734,265,-3677,167,7,6525,13479,256,378376,296,7101,119
3470,-11092,776,-6781,774,-3702,965,7,6412,13518,657,378351,371,7140,520
3478,-11103,111,-6829,225,-3728,732,7,6300,13558,054,378326,559,7179,917
3485,-11113,354,-6876,621,-3754,467,7,6188,13597,447,378301,858,7219,310
3492,-11123,505,-6923,959,-3780,172,7,6077,13636,835,378277,266,7258,698
3499,-11133,566,-6971,242,-3805,846,7,5966,13676,219,378252,785,7298,082
3506,-11143,536,-7018,468,-3831,490,7,5856,13715,597,378228,412,7337,460
3514,-11153,418,-7065,637,-3857,102,7,5746,13754,970,378204,147,7376,833
3521,-11163,210,-7112,751,-3882,684,7,5637,13794,337,378179,989,7416,200
3528,-11172,915,-7159,809,-3908,235,7,5528,13833,698,378155,939,7455,561
3535,-11182,533,-7206,810,-3933,756,7,5420,13873,053,378131,994,7494,916
3542,-11192,064,-7253,756,-3959,247,7,5312,13912,401,378108,154,7534,264
3550,-11201,509,-7300,646,-3984,706,7,5205,13951,743,378084,419,7573,606
3557,-11210,869,-7347,481,-4010,136,7,5098,13991,078,378060,788,7612,941
3564,-11220,145,-7394,260,-4035,535,7,4991,14030,405,378037,260,7652,268
3571,-11229,336,-7440,984,-4060,904,7,4885,14069,726,378013,835,7691,589
3578,-11238,444,-7487,653,-4086,243,7,4780,14109,038,377990,512,7730,901
3586,-11247,469,-7534,267,-4111,552,7,4675,14148,343,377967,290,7770,206
3593,-11256,413,-7580,825,-4136,831,7,4570,14187,639,377944,169,7809,502
